"id","title","body","userId"
"1","Venison pork filet mignon prosciutto kielbasa.","Sausage strip steak bresaola beef ribs andouille ribeye salami flank biltong bacon pork chop frankfurter cow hamburger pork belly.  Filet mignon corned beef alcatra prosciutto.  Doner tenderloin meatloaf shank.  Salami tongue shankle, jerky kevin meatloaf porchetta ham hock turkey.  Pastrami salami t-bone jerky alcatra shank ribeye leberkas pancetta bresaola ground round bacon kielbasa turducken pork loin.  Andouille bresaola landjaeger, beef meatball ball tip turducken kielbasa pig pork belly ham hock buffalo picanha leberkas.","8"
"2","Ribeye kielbasa leberkas, venison bresaola pork loin landjaeger doner chuck.","Beef ribs venison prosciutto jowl, spare ribs t-bone ribeye corned beef porchetta.  Pork chop t-bone chicken pancetta spare ribs alcatra tenderloin hamburger ham hock picanha brisket.  Swine tenderloin tongue chislic cow meatloaf salami, turkey shoulder chuck boudin corned beef.  Tongue frankfurter sausage buffalo turkey, chuck shoulder ribeye alcatra beef.  Biltong tenderloin prosciutto pork loin.  Chuck bacon drumstick cow andouille, corned beef meatloaf t-bone pastrami shoulder landjaeger buffalo brisket swine sirloin.","18"
"3","Drumstick buffalo frankfurter sausage burgdoggen cow flank rump picanha andouille pig.","Bacon shankle fatback salami pork short loin shank tongue frankfurter.  Tongue pancetta brisket flank ham doner.  Tenderloin tail picanha short loin fatback boudin pancetta buffalo leberkas porchetta prosciutto jowl salami.  Biltong brisket chislic, pancetta hamburger tongue pork belly salami bresaola buffalo shoulder shank rump cow.  Ground round bacon tongue prosciutto swine ham hock.","15"
"4","Meatball shankle ham, brisket bresaola beef capicola pastrami alcatra kevin short loin cupim rump pork chop.","Shoulder cupim pork, t-bone bacon pig burgdoggen capicola chislic brisket swine meatloaf.  Turkey fatback cow tenderloin, strip steak hamburger ham hock meatball spare ribs pork rump beef pastrami buffalo.  Short ribs strip steak meatloaf landjaeger boudin buffalo ball tip.  Picanha tail porchetta short loin venison short ribs.","15"
"5","Alcatra ground round pork loin, boudin pork belly porchetta strip steak prosciutto filet mignon andouille sausage leberkas.","Tongue doner shankle meatloaf, boudin picanha pork cow corned beef beef swine jerky.  Fatback tail tenderloin spare ribs pastrami sirloin biltong boudin rump cupim.  Pig jowl corned beef tail shank, short ribs shankle pork ham hock kielbasa kevin biltong.  Short loin beef biltong tri-tip picanha filet mignon salami cow kielbasa.  Salami shank chislic pancetta cow pastrami pork shankle ham hock ball tip burgdoggen shoulder frankfurter.  Short loin andouille beef ribs pork belly spare ribs.  Porchetta pancetta leberkas shankle.","16"
"6","Drumstick tail pastrami, bacon ribeye bresaola cupim strip steak landjaeger turducken beef ribs flank meatloaf.","Hamburger cow jerky ball tip capicola chislic strip steak buffalo chuck beef ribs tenderloin kevin meatloaf pork jowl.  Andouille venison cow, pork chop shank leberkas doner t-bone pork strip steak pork loin.  Pork chop andouille strip steak, kevin t-bone pork jowl landjaeger prosciutto chuck venison frankfurter.  Pancetta landjaeger shankle pork pork chop brisket t-bone kielbasa flank leberkas.  Cow picanha tenderloin boudin tail ham hock cupim burgdoggen t-bone flank fatback.  Bresaola pork turkey chuck meatball chicken porchetta swine prosciutto tongue kielbasa.  Biltong doner boudin, tail t-bone pork loin jowl beef ribs pork belly frankfurter bresaola.","14"
"7","Picanha frankfurter capicola hamburger chicken flank.","Porchetta buffalo ball tip leberkas corned beef, meatball short ribs pig shank.  Corned beef pig picanha t-bone landjaeger.  Ball tip beef ribs t-bone, flank landjaeger pork loin corned beef picanha sirloin rump pig pork chop fatback kielbasa.  Bacon cow ribeye, tri-tip biltong capicola flank prosciutto spare ribs strip steak shank turducken.","15"
"8","Kielbasa pork short ribs tail, hamburger beef cow leberkas fatback.","Turducken porchetta tenderloin, kielbasa biltong pork salami.  Tongue buffalo tri-tip leberkas jowl andouille kevin bacon chuck turducken.  Shank strip steak rump, cupim tri-tip frankfurter doner hamburger ground round jowl tenderloin.  Cow rump bacon strip steak ham.  Sausage jowl chicken shank alcatra porchetta turkey prosciutto tri-tip brisket chislic boudin leberkas.  Jowl leberkas shankle filet mignon pork belly.  Brisket jowl ham prosciutto ground round hamburger, kielbasa leberkas tenderloin ribeye biltong flank.","20"
"9","Short loin hamburger brisket, pork chop pork belly pastrami ribeye flank porchetta jerky chicken pork strip steak beef.","Short ribs t-bone ball tip chicken leberkas hamburger capicola beef.  Pancetta cupim t-bone kevin pastrami pork loin, filet mignon swine chislic.  Boudin pork loin salami pig tongue frankfurter kevin strip steak kielbasa beef ribs ham.  Leberkas t-bone pork belly porchetta chislic andouille corned beef.","7"
"10","Sausage rump venison beef ribs.","Pork loin chicken salami, shank jerky ground round venison leberkas pork chop pork belly ham.  Porchetta biltong rump, frankfurter tri-tip corned beef tenderloin buffalo pork prosciutto filet mignon doner bresaola strip steak.  Tongue bacon salami turducken, chislic beef ribs rump tenderloin jowl cupim meatball pork chop pork belly.  Pork belly tongue flank chuck prosciutto cupim.  Flank shoulder pork belly leberkas pork chop turducken turkey chislic filet mignon bresaola.  Burgdoggen turkey strip steak pig rump.","2"
"11","Pork chicken t-bone tenderloin sausage filet mignon beef.","Chicken pork loin jowl ribeye, leberkas capicola tri-tip filet mignon venison ham hock cow salami pork chop pork belly.  Jerky rump filet mignon corned beef.  Frankfurter chuck pork chop tail pork loin.  Alcatra swine shankle tri-tip turducken t-bone buffalo biltong ribeye cow sirloin brisket.  Meatloaf rump ground round, kielbasa ribeye pork belly flank alcatra meatball boudin tri-tip.  Chuck drumstick biltong bacon rump short ribs.","15"
"12","Cupim chuck pork short loin short ribs shank beef swine andouille ribeye frankfurter pastrami.","Venison pancetta beef chuck drumstick t-bone meatball alcatra.  Kevin landjaeger sausage rump kielbasa fatback cupim venison short ribs short loin bresaola beef chislic ball tip.  Pork belly turkey tongue beef ribs, meatloaf corned beef leberkas short loin tail cupim alcatra beef chislic turducken ball tip.  Pancetta swine alcatra rump fatback.","7"
"13","Leberkas sirloin tongue venison, frankfurter buffalo fatback beef pork belly brisket chuck andouille.","Meatloaf rump porchetta, chicken turkey t-bone bresaola.  Flank turkey pancetta, shankle boudin chislic porchetta tenderloin.  Sausage shank corned beef chislic leberkas hamburger pig short ribs ham hock.  Tail doner bacon andouille strip steak beef shank flank.","4"
"14","Landjaeger hamburger flank bresaola burgdoggen brisket, spare ribs ham hock tri-tip jowl tenderloin shank ribeye strip steak.","Brisket cupim shank tenderloin chuck turkey bacon short loin doner drumstick ham hock jerky alcatra.  Chicken venison alcatra spare ribs, tenderloin sirloin tongue bresaola shoulder t-bone landjaeger biltong.  Short ribs ball tip prosciutto rump shoulder beef ribs pork belly turducken drumstick strip steak tenderloin sirloin short loin.  Sirloin landjaeger capicola chislic picanha, venison alcatra flank kevin corned beef cupim boudin.  Porchetta pork belly sirloin beef shoulder.  Porchetta shank buffalo picanha.","2"
"15","Meatloaf filet mignon venison, short ribs tenderloin swine tail cow beef ribs pork loin bacon.","Tenderloin burgdoggen picanha, strip steak drumstick salami sausage short loin cupim jerky turkey jowl andouille.  Jerky kielbasa shank bresaola turkey ground round tenderloin buffalo beef ribs capicola shankle corned beef.  Short loin capicola strip steak andouille hamburger, ribeye porchetta pastrami.  Turducken landjaeger meatball chicken.  Bacon pork loin tri-tip shank meatloaf flank kevin, ground round pancetta.  Sausage ham hock pig turducken, pork belly shoulder jowl sirloin pancetta fatback ground round leberkas.","6"
"16","Chislic ham beef tri-tip cupim prosciutto andouille pork belly meatloaf short ribs pork chop picanha.","Shankle sirloin spare ribs jerky, pork tenderloin ground round leberkas swine meatball pastrami biltong.  Shoulder short loin pork, tail short ribs spare ribs shank meatloaf flank pancetta pork loin cow prosciutto tongue.  Ball tip leberkas hamburger burgdoggen brisket.  Chicken ground round biltong, picanha bacon shank buffalo t-bone kielbasa pork salami kevin jowl boudin.  Pig turkey chuck shank andouille ground round salami pork.  Tenderloin pork kevin shank chuck capicola prosciutto.  Corned beef chicken tri-tip filet mignon, strip steak ham hock pork loin frankfurter capicola pig brisket tongue shankle beef ribs.","18"
"17","Chicken landjaeger porchetta, bresaola tenderloin shankle boudin beef ribs drumstick pancetta buffalo t-bone.","Ground round pork brisket, jowl chislic pastrami pig meatloaf sausage shankle.  Buffalo beef ribs doner venison pork loin swine bacon burgdoggen biltong picanha ribeye pork belly.  Tenderloin chislic picanha beef leberkas bacon.  Picanha venison salami pastrami ribeye.","7"
"18","Tongue shankle prosciutto biltong ball tip porchetta chuck brisket bacon tri-tip bresaola corned beef.","Pork belly cow ham venison.  Ground round doner pastrami chislic shankle shoulder porchetta, frankfurter jerky hamburger rump landjaeger alcatra pig.  Tri-tip brisket jerky pork, capicola shoulder pork chop beef ribs.  Bresaola ball tip burgdoggen porchetta.  Kevin bacon shoulder, ham hock t-bone doner pork loin beef ribs leberkas meatball jowl pancetta.  Swine turkey bacon kielbasa drumstick boudin buffalo, porchetta shank hamburger bresaola fatback beef ribs sirloin.  Brisket ham hock burgdoggen hamburger kielbasa biltong doner kevin tail tenderloin turkey landjaeger prosciutto.","18"
"19","Buffalo ham hamburger, pancetta frankfurter rump pig short ribs.","Flank bresaola pig venison cupim drumstick alcatra chislic doner leberkas.  Flank pastrami tail ham hock pork chop, bresaola filet mignon salami t-bone cow spare ribs doner sirloin ground round short ribs.  Venison porchetta beef short loin.  Picanha sirloin leberkas flank beef boudin hamburger kielbasa buffalo doner.  Boudin porchetta biltong beef ribs capicola.  Tongue chicken biltong, ham ham hock filet mignon strip steak brisket cupim swine fatback pastrami prosciutto beef.  Chuck brisket pork loin meatball venison cupim cow filet mignon.","18"
"20","Pork alcatra porchetta, pork chop t-bone burgdoggen doner meatball turkey.","Salami meatball shank venison meatloaf, capicola corned beef filet mignon sirloin.  Shankle jowl jerky, flank venison strip steak chislic pig.  Andouille rump landjaeger buffalo ham hock biltong jowl kevin.  Cupim ham pork swine bacon sausage frankfurter andouille fatback shoulder turkey kevin ham hock.  Beef ball tip pork chop ham hock.","3"
"21","Chuck landjaeger shank biltong pancetta.","Pork belly prosciutto tenderloin beef brisket doner corned beef boudin porchetta filet mignon.  Fatback pork belly ground round beef ribs tongue capicola bresaola landjaeger spare ribs sirloin biltong hamburger doner.  Meatloaf corned beef filet mignon doner burgdoggen rump.  Burgdoggen ham pork loin andouille alcatra kevin turkey sausage, brisket flank landjaeger tri-tip boudin.  Chuck t-bone bresaola burgdoggen ham hock strip steak.","8"
"22","Meatloaf flank doner burgdoggen turkey.","Tenderloin tongue ribeye andouille cow.  Turducken brisket shank venison, picanha t-bone spare ribs buffalo corned beef.  Corned beef pork loin biltong kevin t-bone brisket, beef ribs strip steak picanha swine tongue pig spare ribs tail.  Pastrami venison cow short loin, picanha t-bone chicken tenderloin turducken filet mignon meatball kielbasa capicola hamburger.  Cow swine salami, kielbasa pork loin tail beef ball tip ham chislic beef ribs.","8"
"23","Buffalo pastrami short loin, venison rump beef ribeye leberkas capicola ball tip kielbasa chuck jowl.","Biltong rump ground round spare ribs, chicken andouille chislic strip steak.  Turducken meatloaf tri-tip, salami biltong pig pork belly chuck t-bone kevin chicken short loin tenderloin venison.  Meatloaf hamburger chuck corned beef, ham hock boudin beef ribs shankle.  Chuck pancetta t-bone sausage andouille, tenderloin boudin kevin beef ribs short loin drumstick shoulder doner capicola.  Andouille ground round filet mignon flank.  Tenderloin tri-tip pork porchetta.  Capicola venison frankfurter shoulder ribeye sirloin.","20"
"24","Tri-tip brisket porchetta rump capicola.","Chuck boudin spare ribs brisket.  Frankfurter ribeye shank venison jerky short loin doner pork loin tenderloin buffalo ham hock.  Pork chop corned beef tenderloin ball tip turducken bresaola biltong pig chislic rump venison t-bone flank cow.  Biltong fatback pastrami ball tip tongue jowl.  Shankle beef ribs flank, drumstick ribeye corned beef pork burgdoggen strip steak.  Pork brisket shank swine meatloaf burgdoggen ground round venison turkey bacon salami flank.","5"
"25","Picanha spare ribs pork loin kevin frankfurter prosciutto t-bone tongue landjaeger alcatra ribeye pork belly ham short loin.","Sirloin chuck picanha kevin tongue pancetta.  T-bone corned beef swine pork loin spare ribs beef chicken boudin picanha.  Flank ham hock pastrami tri-tip, frankfurter pig venison alcatra brisket biltong.  Tail flank drumstick, porchetta filet mignon tri-tip strip steak chislic beef doner shank fatback meatball.  Ham hock pastrami picanha t-bone brisket, biltong prosciutto ham sirloin spare ribs shoulder hamburger doner tongue venison.","24"
"26","Turkey tenderloin venison bresaola pork loin sirloin tri-tip brisket drumstick pastrami spare ribs alcatra.","Venison ham hock pancetta, doner picanha meatloaf short loin strip steak swine salami leberkas pork turkey cow landjaeger.  Burgdoggen turkey ham, bresaola jowl turducken ham hock landjaeger pork chop meatball.  Porchetta kevin pancetta cupim, tail bacon chuck salami.  Ball tip t-bone boudin strip steak short loin tenderloin turkey sirloin.  Brisket beef ribs ball tip, burgdoggen turducken buffalo pork shank turkey frankfurter chuck cow.  Beef boudin sirloin spare ribs swine ham hock short loin chicken filet mignon capicola kevin hamburger pork venison.  Flank capicola burgdoggen boudin ball tip tail cupim short loin strip steak beef ribs porchetta.","6"
"27","Pancetta landjaeger prosciutto rump beef ribs.","Doner beef flank, biltong tongue hamburger jerky pork belly cow ham turkey.  Turducken short ribs pork loin cow capicola, frankfurter alcatra ground round biltong pancetta kielbasa tenderloin boudin t-bone ribeye.  Pig alcatra hamburger kevin boudin meatloaf strip steak beef.  Jowl filet mignon leberkas boudin beef.  Filet mignon pastrami spare ribs, jerky shank porchetta rump bacon tongue pork chop venison sausage frankfurter pig.","3"
"28","Filet mignon chicken salami jerky ground round, ribeye pork belly.","Pork belly turducken frankfurter, ball tip filet mignon ham hock cow prosciutto boudin buffalo beef ribs porchetta bresaola fatback.  Short loin chuck tail, meatloaf cupim beef ribs shoulder.  Kielbasa tongue pork belly beef ribs shankle.  Bresaola tenderloin venison sausage.  Meatloaf drumstick chuck chicken salami.","7"
"29","Kielbasa chislic burgdoggen alcatra pork belly tri-tip andouille meatloaf porchetta ground round biltong leberkas capicola fatback.","Ribeye fatback jerky boudin turkey biltong.  Jowl strip steak leberkas short loin, fatback burgdoggen alcatra andouille.  Picanha pork chop kielbasa ham hock bacon.  Shoulder buffalo brisket doner.","8"
"30","Porchetta andouille alcatra, tongue salami flank ham hock turkey corned beef spare ribs pork belly.","Brisket tongue prosciutto tri-tip sausage shankle.  Pork loin pancetta shankle, ham salami strip steak buffalo turducken tongue shoulder boudin chislic.  Chuck shankle doner, fatback t-bone corned beef pork alcatra biltong turducken prosciutto ham kielbasa bacon andouille.  Brisket pork loin tri-tip ham hock short ribs porchetta kielbasa rump pig chislic, jowl meatloaf venison burgdoggen.  Frankfurter kevin chuck pork t-bone swine burgdoggen turducken shankle.  Doner corned beef beef ribs jowl beef filet mignon ribeye sirloin fatback.  Brisket porchetta swine tongue t-bone kielbasa.","16"
"31","Sirloin doner hamburger, pork belly chislic chuck beef ribs bresaola.","Pastrami brisket venison drumstick chicken flank kevin, beef tenderloin.  Pork loin strip steak turducken, hamburger tail bacon pastrami ham hock pancetta ham chuck ribeye pork tongue.  Leberkas turkey brisket bresaola sausage, shankle bacon tri-tip cow shank.  Shoulder spare ribs tail ground round turkey.  Ribeye shoulder bresaola t-bone.","3"
"32","Strip steak leberkas pancetta fatback doner ham hock burgdoggen.","Hamburger tail bresaola cow kevin ribeye spare ribs alcatra meatball ball tip strip steak.  Buffalo pig pastrami salami.  Sausage tenderloin shoulder jowl, hamburger ground round pancetta beef ribeye tail ham hock filet mignon rump landjaeger alcatra.  Bresaola chislic ground round pork loin meatball buffalo sirloin andouille t-bone.  Porchetta turducken fatback, sirloin t-bone rump meatball short loin short ribs biltong beef.  Beef ribs bacon drumstick doner, short loin short ribs filet mignon ground round chislic spare ribs turkey pastrami jowl.  Buffalo pork kevin, turducken tenderloin ham pastrami ground round kielbasa chicken.","21"
"33","Sausage alcatra leberkas, turkey chislic short ribs pork chop cupim boudin brisket chuck.","Picanha turducken fatback swine chislic boudin ham hock, pork chop andouille burgdoggen prosciutto ribeye capicola ham.  Pork landjaeger picanha bacon ball tip sirloin corned beef biltong spare ribs meatloaf shank rump buffalo doner brisket.  Rump pancetta short ribs, pastrami jowl boudin cupim sirloin pork belly.  Doner bresaola flank shoulder.  Pig prosciutto ball tip, drumstick beef corned beef short ribs cow boudin andouille meatloaf t-bone porchetta turducken.  Chuck alcatra tenderloin filet mignon.","21"
"34","Pork belly capicola beef ribs pork chop bresaola.","Pancetta kevin brisket picanha strip steak ham hock venison chuck.  Salami leberkas ham pork chop buffalo pancetta biltong.  Doner t-bone porchetta tenderloin pancetta boudin sirloin capicola ground round pork loin.  Cupim porchetta ground round tenderloin, bacon turkey capicola kielbasa chislic shankle short loin jerky.  Leberkas pancetta sirloin shank, shoulder ham jerky capicola porchetta shankle.  Capicola sirloin andouille, ball tip tri-tip strip steak venison pork chop beef beef ribs.  Prosciutto short loin ham ham hock chuck corned beef t-bone.","9"
"35","Ball tip ground round swine burgdoggen beef.","Porchetta corned beef boudin turkey shankle.  Tongue chicken ball tip ribeye hamburger t-bone.  Shank flank landjaeger burgdoggen shankle venison.  Biltong pig fatback pork loin chicken shoulder filet mignon t-bone turkey sirloin bresaola doner jowl salami drumstick.  Brisket spare ribs turducken filet mignon.  Ham hock landjaeger frankfurter, beef buffalo corned beef pig kielbasa salami andouille short loin spare ribs ground round pork belly jerky.","24"
"36","Prosciutto ground round flank, landjaeger turducken hamburger fatback bresaola doner salami pancetta biltong alcatra.","Short loin chislic capicola pork buffalo picanha.  Corned beef chuck pastrami capicola sirloin picanha turducken meatloaf.  Cow frankfurter jowl pancetta pork belly jerky, ribeye sausage pork chop strip steak corned beef beef ribs swine venison andouille.  Shank prosciutto bresaola cupim, doner t-bone pancetta.  Pork loin flank kielbasa burgdoggen shank pancetta corned beef ribeye salami capicola tri-tip spare ribs sausage.  Brisket leberkas meatball chislic swine shoulder sirloin short loin ground round strip steak hamburger.","13"
"37","Ball tip jowl prosciutto picanha capicola.","Pork kielbasa bacon, rump boudin ball tip t-bone capicola alcatra pancetta chislic pork loin short loin brisket cow.  Leberkas bacon short ribs kielbasa sausage.  Ham shank leberkas, doner ball tip chuck tongue cupim jowl pastrami pancetta.  Cupim corned beef landjaeger kielbasa.  Swine jerky short loin flank ham hock ground round picanha pork, landjaeger rump shank fatback cow drumstick.  Meatloaf kielbasa drumstick, andouille picanha beef venison bresaola spare ribs ham pork chop tenderloin.","24"
"38","Beef salami pastrami turkey doner.","Chislic pastrami shankle buffalo swine venison andouille picanha biltong shank strip steak tenderloin.  Boudin cow ham drumstick.  Turducken tail pork belly beef, corned beef ham hock ball tip kielbasa chuck tongue beef ribs doner.  Pork chop burgdoggen beef ribs chicken, pork loin beef short loin salami chuck brisket chislic.  Porchetta cow venison, jowl doner landjaeger meatloaf.","14"
"39","Drumstick ground round spare ribs pork chop chuck ham hock meatloaf shankle.","Corned beef sirloin bacon prosciutto.  Jowl fatback drumstick sausage ground round, meatball beef ribs bacon tongue flank pork belly bresaola.  Pork fatback shank, ribeye pig t-bone drumstick chislic meatball spare ribs.  Andouille landjaeger swine capicola jowl, pork turkey shank.","12"
"40","Filet mignon chislic ribeye fatback, pork pork loin doner meatball strip steak hamburger leberkas.","Biltong bresaola jowl leberkas beef ribs cupim venison kevin capicola fatback meatball.  Meatloaf swine drumstick t-bone flank, venison chuck porchetta brisket strip steak hamburger cow buffalo corned beef salami.  Bresaola salami tongue rump flank chuck pork belly turkey ham hock brisket.  Pork chop strip steak shank capicola frankfurter.  Jowl pork belly fatback pork loin, turkey turducken flank cow doner tail leberkas shank drumstick landjaeger biltong.  Pig turkey spare ribs kielbasa.  Pig beef pancetta venison.","11"
"41","Beef ribs jowl frankfurter meatloaf, fatback ribeye venison andouille brisket bresaola spare ribs salami pastrami beef.","Porchetta sirloin pastrami jerky.  T-bone ribeye brisket meatloaf, hamburger sausage ham prosciutto meatball kielbasa short loin shoulder biltong.  Flank frankfurter short loin meatloaf, pig spare ribs tenderloin.  Sausage kevin cupim strip steak spare ribs, t-bone jerky.","14"
"42","Venison cupim drumstick pork loin fatback, pork salami ball tip beef ribs chuck ham hock tri-tip meatloaf.","Jowl pig flank alcatra tongue rump t-bone chicken sausage meatball ball tip.  Hamburger rump burgdoggen, tenderloin prosciutto sausage bacon ball tip ribeye venison tail.  Salami corned beef t-bone ham pork brisket beef biltong kielbasa tenderloin chislic sirloin sausage landjaeger pork loin.  Pancetta pork shank, biltong ground round filet mignon jerky landjaeger jowl doner andouille.  Turducken landjaeger rump leberkas sausage, kevin fatback spare ribs frankfurter flank porchetta ribeye.  Ball tip fatback beef ribs venison turkey buffalo, brisket capicola porchetta flank ham hock alcatra rump.  Spare ribs shankle alcatra, bresaola pancetta boudin pork belly short ribs sirloin.","8"
"43","T-bone cupim shank, jerky tail sausage tongue corned beef.","Meatloaf sausage pork loin fatback cupim venison tenderloin biltong corned beef frankfurter ball tip spare ribs.  Doner pork loin meatball sirloin flank tail porchetta fatback cupim.  Bresaola rump pork chop salami chicken jowl bacon corned beef swine ham boudin fatback shank.  Turducken pork meatball prosciutto strip steak, burgdoggen beef ribs.","6"
"44","Fatback sirloin cupim, salami chicken turkey ball tip ground round sausage beef.","T-bone short ribs brisket prosciutto biltong cow.  Corned beef biltong pork short loin flank beef ribs leberkas rump pork chop fatback swine, burgdoggen chuck short ribs.  Beef tongue burgdoggen, brisket shank pork jerky biltong.  Buffalo pig strip steak pancetta rump burgdoggen ham chislic pork chop salami drumstick.  Tri-tip beef capicola sausage chislic.","8"
"45","Venison beef shoulder, jowl pastrami capicola chicken jerky doner meatball ball tip.","Meatball kielbasa shank pig shoulder kevin.  Shankle short loin bresaola chicken chislic short ribs pork bacon rump.  Tenderloin bacon buffalo pastrami biltong burgdoggen.  Leberkas rump shank, biltong meatloaf tongue tri-tip chislic beef ribs shoulder tail chuck pastrami filet mignon.  Sausage short loin pork loin hamburger, andouille ribeye boudin cupim pork chop tenderloin.  Ground round meatloaf pastrami, swine brisket bresaola shoulder burgdoggen pork belly ball tip meatball jowl short loin.  Kielbasa bresaola sausage fatback alcatra filet mignon, pancetta hamburger chicken.","11"
"46","Leberkas meatball picanha tenderloin, pork chop turkey pork cupim biltong filet mignon jerky.","Pancetta t-bone frankfurter drumstick bacon shoulder alcatra.  Cupim pastrami pork sausage salami.  Pig turkey cupim tri-tip meatloaf beef filet mignon chislic corned beef ribeye.  Pork belly shank turkey leberkas, tongue sausage shoulder strip steak rump.  Landjaeger ham hock venison shankle cow strip steak pork boudin drumstick pancetta pork loin.  Meatloaf spare ribs flank meatball kevin chuck pastrami corned beef biltong bacon venison pork loin hamburger.","5"
"47","Ham burgdoggen drumstick sausage pork chop strip steak jowl.","Cupim salami boudin short ribs fatback bacon jerky biltong.  Ham pork belly sausage, turkey jowl turducken picanha corned beef drumstick ground round tongue meatloaf beef buffalo.  Salami filet mignon ribeye, t-bone pancetta pork belly turkey prosciutto.  Meatloaf pork chop prosciutto, ham frankfurter ribeye swine spare ribs ball tip filet mignon.  Ground round fatback corned beef beef ribs ball tip chuck andouille pork chop shankle salami ham hock.  Corned beef filet mignon jowl pork chop, chicken shankle ribeye frankfurter venison spare ribs swine.  Buffalo tongue kevin, landjaeger capicola flank kielbasa pork doner filet mignon swine bacon jerky pork belly.","21"
"48","Turkey turducken flank drumstick shank.","Burgdoggen brisket strip steak, cow pastrami andouille meatball ribeye short ribs rump flank tenderloin bacon.  Salami ground round corned beef, sausage meatball leberkas flank chuck bresaola pastrami brisket cow ball tip beef.  Pancetta fatback tail beef.  Pork chop turducken flank, rump meatball swine buffalo pork loin beef ribs frankfurter ham hock bacon t-bone.","19"
"49","Rump flank capicola chicken chuck filet mignon tail turkey.","Pork loin andouille tri-tip swine chislic filet mignon beef ribs beef.  Rump cow bresaola cupim, shoulder kevin short ribs chuck.  Tongue swine salami frankfurter tri-tip, pork shankle chicken bresaola shoulder burgdoggen t-bone short loin shank.  Corned beef chicken fatback ground round, tongue capicola short loin.  Chislic tenderloin burgdoggen pork belly.  Porchetta beef spare ribs, chislic prosciutto chicken pig.  Leberkas tail drumstick short loin ham sausage salami tongue bresaola ham hock jowl cow strip steak.","6"
"50","Tri-tip porchetta tongue pork loin pig tail beef ribs pork belly chicken sirloin landjaeger capicola ribeye t-bone.","Pork belly bacon beef, short loin burgdoggen meatball alcatra ribeye boudin porchetta rump ham t-bone andouille tri-tip.  Venison corned beef meatball, ham hock frankfurter beef ribs porchetta.  Shoulder jowl tail prosciutto chislic beef turducken ham hock ribeye biltong swine chicken.  Biltong porchetta ham tri-tip, brisket ground round burgdoggen short loin ball tip chuck jerky beef ribs andouille.","16"
"51","Andouille chicken t-bone ribeye tail pig landjaeger filet mignon shank chislic fatback swine pancetta kevin.","Picanha short ribs meatloaf shoulder flank sausage.  Short loin ball tip salami, chuck pork chop pork loin chislic bresaola.  Biltong turducken ground round, ham hock leberkas ribeye sausage tri-tip.  Andouille picanha buffalo, short loin beef ribeye tail.  Pork chop prosciutto chicken beef, flank leberkas chislic.  Beef ribs shank chicken leberkas prosciutto.","17"
"52","Turducken turkey rump chislic ribeye.","Pig flank cow chicken ham hock cupim tri-tip burgdoggen short ribs spare ribs.  Salami strip steak beef alcatra bresaola sirloin short ribs tail.  Short loin ribeye bacon, flank strip steak shoulder beef ribs pastrami.  Boudin pastrami chicken, shank fatback capicola ham hock ribeye bacon t-bone sirloin corned beef burgdoggen.  Strip steak ball tip chuck, pastrami ham hock pork loin andouille alcatra tri-tip beef capicola.","14"
"53","Capicola ribeye spare ribs biltong leberkas.","T-bone turkey venison landjaeger bresaola andouille.  Burgdoggen doner buffalo pastrami short ribs fatback.  Chuck buffalo beef ribs, ribeye pork chop pig landjaeger.  Drumstick pancetta hamburger alcatra meatloaf chicken turkey shoulder short loin shank tongue.  Flank jowl doner turducken chislic shoulder ball tip pancetta short ribs bacon spare ribs.","23"
"54","Sausage swine bacon burgdoggen, spare ribs pork loin cow ground round jerky kielbasa pastrami prosciutto.","Strip steak tri-tip filet mignon swine, tail prosciutto turducken burgdoggen bresaola capicola brisket biltong sirloin.  Shank fatback chislic, flank picanha tenderloin hamburger.  Ham hock rump swine cupim, kevin tenderloin pancetta spare ribs tri-tip beef ribs brisket salami t-bone pork.  Picanha kielbasa ball tip porchetta shank.","18"
"55","Brisket hamburger cupim ham hock jowl pancetta jerky boudin shank prosciutto capicola shoulder chislic pork chop.","Hamburger jerky cupim sirloin ground round bresaola porchetta bacon brisket corned beef alcatra fatback boudin.  Jerky beef fatback rump swine short ribs.  Shoulder jerky prosciutto pork chop fatback rump.  Tongue andouille bacon swine boudin tenderloin fatback.  Filet mignon tenderloin andouille prosciutto ball tip.  Ground round capicola burgdoggen spare ribs pork belly cow pancetta chicken pork chop turducken sausage bacon.","21"
"56","Doner meatloaf flank ground round meatball cow filet mignon capicola ribeye boudin bresaola short loin alcatra pork loin.","Alcatra capicola pork belly beef ribs pork chop filet mignon venison corned beef pig short ribs.  Doner beef ribs corned beef shank andouille.  Meatloaf chicken shankle doner shoulder chislic porchetta corned beef.  Tri-tip capicola turkey biltong meatloaf tail.","5"
"57","Beef ribs chicken salami pork chop frankfurter rump.","Tongue frankfurter meatball picanha buffalo tri-tip.  Landjaeger pork loin porchetta tail short loin beef ribs doner prosciutto pork belly kielbasa drumstick.  Tenderloin meatloaf filet mignon landjaeger brisket, cow strip steak chuck.  Capicola tri-tip cupim pork belly burgdoggen short loin meatloaf corned beef pig tail picanha buffalo bresaola ball tip chuck.  Tenderloin sirloin bresaola, boudin ham hock rump kevin shank.  Brisket sausage buffalo doner boudin ribeye bresaola, pork chop kevin jowl.  Turkey pig hamburger ball tip, leberkas pork chop biltong capicola burgdoggen tail frankfurter.","8"
"58","Brisket boudin ground round corned beef doner.","Andouille pork chop cupim cow bacon short loin beef tenderloin sirloin pork burgdoggen prosciutto kielbasa landjaeger.  Fatback t-bone turducken venison shank ham hock bacon short loin pork loin porchetta sausage capicola.  Brisket flank ribeye beef ribs cow.  Strip steak fatback chuck venison buffalo turkey rump tri-tip pastrami flank.","19"
"59","Pig sausage kielbasa pork loin.","Boudin meatball pig jowl.  Burgdoggen pork chop swine turducken chuck pork belly ribeye sirloin short loin filet mignon kevin biltong landjaeger ground round.  Pancetta jerky tri-tip, corned beef cupim alcatra shank frankfurter capicola andouille.  Ham hock chicken hamburger venison porchetta drumstick ribeye.  Rump chicken jowl jerky kevin pork belly prosciutto spare ribs biltong ribeye picanha pig.  Tongue chicken jowl venison pastrami pork chop salami.","20"
"60","Drumstick chuck shoulder, pastrami meatball cupim tongue.","Brisket kielbasa bresaola drumstick fatback venison.  Short ribs spare ribs tenderloin, turducken meatloaf chicken t-bone porchetta ribeye pancetta flank boudin tongue.  Ham hock pork belly kielbasa rump.  Tenderloin porchetta biltong, ribeye rump kielbasa tail brisket jerky ham hock ham.  Hamburger turducken bresaola ham, tri-tip pork loin meatball porchetta andouille.  Pig brisket swine chicken prosciutto.","1"
"61","Jerky shoulder turkey corned beef drumstick short ribs beef filet mignon prosciutto.","Tail pastrami short ribs turducken capicola swine landjaeger beef picanha tongue pork chop.  Turkey beef flank ribeye buffalo tongue boudin brisket.  Picanha frankfurter beef ribs fatback turkey salami ham strip steak.  Meatloaf jowl venison pancetta hamburger buffalo doner sausage boudin pork loin cow turkey.","14"
"62","Spare ribs ham hock pork belly tail filet mignon pork short ribs.","Beef flank sausage, kevin rump pig pancetta prosciutto tri-tip venison andouille tongue capicola pork loin swine.  Pancetta jerky buffalo, sirloin pork belly kielbasa boudin.  Brisket pastrami ribeye, chislic boudin biltong pork belly bacon buffalo cow spare ribs chicken.  Tongue hamburger turkey sirloin, strip steak boudin burgdoggen.  Andouille shank chislic kevin, frankfurter beef ribs pork chop biltong jerky short loin chuck prosciutto.  Tongue flank venison swine fatback andouille jowl short ribs.  Doner andouille pancetta, rump burgdoggen ball tip ground round boudin beef ribeye biltong fatback.","13"
"63","Sausage ham hock pastrami shankle cow biltong sirloin tri-tip pork belly bacon.","Kielbasa rump salami ball tip.  Porchetta frankfurter burgdoggen andouille, leberkas pork belly ground round ball tip drumstick turducken pig capicola venison ham hock t-bone.  Tongue bacon alcatra, ball tip sirloin drumstick cupim brisket pork ham filet mignon boudin.  Chicken tongue porchetta chuck beef fatback capicola short loin.  Kevin beef ribs spare ribs short ribs, porchetta picanha leberkas bacon sirloin buffalo strip steak jerky ham hock.","14"
"64","Porchetta short loin pastrami spare ribs beef ribs flank cupim rump biltong turducken landjaeger turkey.","Frankfurter ball tip turkey ribeye, capicola biltong alcatra pork belly rump bresaola jowl cow buffalo.  Prosciutto turducken spare ribs brisket, chislic pork picanha bresaola kielbasa ground round landjaeger.  Pig chicken tongue turducken fatback cupim ham hock.  Chicken spare ribs biltong porchetta, bresaola corned beef cow pork venison capicola.  Capicola biltong strip steak ribeye jowl turkey cow.  Drumstick bresaola shank cow, porchetta pork chop jerky.","13"
"65","Boudin cow jowl frankfurter, turducken doner t-bone sausage meatball capicola pork pork belly cupim strip steak.","Jowl bresaola kielbasa rump, andouille doner spare ribs.  Swine fatback shoulder jerky doner.  Doner rump tail sirloin shankle chislic t-bone turkey spare ribs brisket shank porchetta.  Rump fatback pork chop flank tri-tip chicken.","16"
"66","Tail buffalo bresaola pork loin short ribs.","Beef picanha shank doner, pastrami tenderloin jowl t-bone pork belly.  Doner bresaola short ribs cupim biltong t-bone fatback.  Ground round ribeye tenderloin ham hock cupim kielbasa cow strip steak.  T-bone shankle prosciutto chicken pork chop.  Corned beef venison flank, beef shankle tongue pork tail bacon ham boudin jowl rump pork belly picanha.  Drumstick jowl capicola, boudin pork loin meatloaf andouille ham hock bacon beef ribs ham doner.","10"
"67","Ham tail kevin pork loin, flank pork belly short loin.","Sausage rump turkey, bacon venison salami short loin ham flank burgdoggen andouille.  Pork chop cow meatloaf, flank salami boudin alcatra fatback leberkas t-bone chicken.  Rump cow turkey brisket, pork ball tip fatback pork belly beef ribs leberkas chislic filet mignon.  Pig pork chop picanha kevin chuck.  Strip steak short loin flank chislic frankfurter filet mignon rump short ribs.","9"
"68","Kevin doner flank pork sirloin.","Pastrami short ribs tri-tip jerky.  Bresaola pork loin alcatra pastrami.  Pork belly alcatra pastrami brisket jerky.  Jerky ground round shoulder ham short loin kielbasa.  Jowl sirloin bresaola burgdoggen, turducken venison pork belly ball tip andouille pork loin tail swine shankle.  Cupim leberkas flank, chislic capicola buffalo bacon.","14"
"69","Sausage brisket flank prosciutto jerky jowl tongue hamburger ham hock bacon ball tip boudin.","Meatloaf tri-tip turkey pastrami tongue hamburger shoulder kevin short loin.  Doner chuck short loin biltong t-bone alcatra ham hock sirloin corned beef shank flank tri-tip frankfurter fatback meatball.  Sausage meatball tenderloin ball tip pork belly swine pastrami tail jerky fatback.  Pork fatback pancetta tri-tip, turkey prosciutto sirloin andouille salami ball tip jowl swine bacon tongue.  Frankfurter pastrami drumstick beef ribs, alcatra ball tip tri-tip tongue cow biltong.","23"
"70","Meatball ball tip flank shank short loin venison filet mignon bacon t-bone andouille.","Swine drumstick pork loin venison strip steak.  Andouille boudin landjaeger biltong corned beef pork loin alcatra bresaola.  Frankfurter doner pork loin buffalo brisket turducken burgdoggen porchetta corned beef tongue kevin.  Tongue strip steak ball tip pastrami chislic pork chop.  T-bone pastrami buffalo tenderloin bresaola.  Brisket pig andouille, jerky pastrami tail pork turducken chicken.","11"
"71","Tri-tip ball tip meatloaf jerky.","Biltong porchetta rump, picanha tongue shank boudin frankfurter doner.  Pig drumstick ground round ribeye bresaola, buffalo kielbasa ham.  Pastrami tail flank short loin buffalo short ribs meatball corned beef hamburger doner.  Kevin sausage pig buffalo leberkas, boudin filet mignon.  Kevin venison strip steak pancetta tail shank landjaeger beef ball tip, pork loin tongue filet mignon turducken.  Short ribs corned beef tongue alcatra pork chop turducken venison flank leberkas doner.","16"
"72","Beef ribs pastrami burgdoggen pork prosciutto ground round chicken corned beef spare ribs rump ham kielbasa.","Tail kevin turkey beef ribs tenderloin.  Hamburger ball tip ground round salami sirloin sausage pork loin pork.  Rump bacon fatback sausage cupim capicola pork biltong shoulder.  Sausage porchetta rump fatback.  Biltong shankle kielbasa prosciutto, kevin doner flank.  Drumstick shank short ribs, pork belly ground round doner meatloaf ham salami tenderloin kielbasa pancetta shoulder.  Tail kielbasa jowl swine turducken pork chop chuck tongue flank, salami chislic.","5"
"73","Corned beef filet mignon tenderloin jowl.","Salami pancetta chislic buffalo.  Chislic capicola meatball leberkas, rump sirloin filet mignon swine hamburger pancetta.  Chicken leberkas pig cow, jowl tri-tip meatball corned beef beef ribs kielbasa landjaeger.  Turkey cupim ham, chuck frankfurter leberkas pork belly kielbasa ground round meatloaf burgdoggen tenderloin kevin chislic.  Alcatra ribeye meatball, fatback cow flank tail rump short ribs burgdoggen pastrami.  Ham hock pork loin landjaeger, flank strip steak biltong cow boudin jowl.","9"
"74","Sirloin brisket short loin picanha sausage chuck filet mignon boudin.","Beef ribs filet mignon ball tip prosciutto frankfurter strip steak, ham chuck t-bone.  Beef pork loin meatloaf rump pork belly corned beef boudin bacon, pork venison sirloin t-bone.  Picanha jowl pig, kielbasa meatball corned beef swine landjaeger pork loin sirloin buffalo tail.  Ground round filet mignon pastrami beef ribs t-bone, shoulder swine tenderloin tongue tail.  Beef ribs pig jerky beef pastrami.  Meatball meatloaf capicola tongue pork belly venison bacon.  Kielbasa pork loin tail flank sirloin.","22"
"75","Meatloaf ball tip drumstick ham, swine prosciutto rump kevin kielbasa leberkas meatball venison frankfurter fatback chuck.","Pork chop pig turducken t-bone, venison chicken burgdoggen tenderloin short ribs ribeye tri-tip chislic biltong.  Buffalo jerky ribeye alcatra frankfurter hamburger cow tongue.  Rump tail sausage pork loin.  Kevin buffalo rump frankfurter salami bacon.  Swine kielbasa hamburger pork loin ball tip ribeye, pancetta ham hock short ribs shoulder cow jerky rump sirloin ground round.","10"
"76","Chuck buffalo short ribs cupim pancetta turkey alcatra picanha ground round jowl landjaeger hamburger venison filet mignon pork loin.","Tenderloin alcatra bacon t-bone leberkas prosciutto shank fatback frankfurter filet mignon pig pork loin.  Kielbasa shankle jerky tail chuck picanha corned beef brisket tongue shank fatback sirloin turkey capicola.  Sausage ribeye pancetta brisket, alcatra ham hock fatback capicola t-bone pork belly ham kevin tri-tip beef swine.  Filet mignon jerky swine tenderloin ground round jowl ribeye picanha venison kevin cupim ball tip pork.  Meatball jerky jowl leberkas capicola spare ribs.","24"
"77","Boudin bresaola chicken ham, tri-tip chislic kevin buffalo shank pig landjaeger spare ribs doner beef porchetta.","Beef ribs drumstick short loin capicola, meatloaf flank filet mignon frankfurter fatback.  Rump drumstick ball tip pig, doner chislic cupim pastrami beef ribs cow.  Spare ribs turducken chuck, chicken short ribs beef picanha alcatra kevin turkey ground round kielbasa ribeye strip steak pork.  Pig jerky corned beef, porchetta shoulder picanha strip steak pork loin pork belly meatloaf short ribs meatball fatback.  Pastrami kevin frankfurter landjaeger, corned beef short loin brisket.  Frankfurter sirloin ball tip meatball pastrami landjaeger venison shank pork belly.","18"
"78","Chicken salami alcatra pork loin, shank frankfurter flank fatback meatball sausage.","Turkey frankfurter shank, biltong drumstick bacon filet mignon beef tri-tip sausage kevin boudin ham hock.  Leberkas chislic turkey spare ribs drumstick ham hock tail.  Porchetta jowl pork chop t-bone short loin cupim shank ground round ball tip short ribs beef ribs chicken.  Chuck turducken ham doner.  Pig drumstick leberkas, boudin ribeye ball tip pork belly tongue bresaola.  Bresaola bacon jerky, t-bone fatback flank shank ground round landjaeger ham hock tenderloin burgdoggen pastrami beef.","4"
"79","Alcatra short loin cow sausage bresaola pork shank beef flank pastrami ball tip landjaeger fatback tenderloin pig.","Andouille chuck beef doner brisket filet mignon jerky corned beef prosciutto capicola kevin pork cupim.  Chislic rump cow pig, t-bone ball tip bresaola alcatra swine andouille.  Prosciutto turkey pig, ball tip buffalo andouille porchetta landjaeger tri-tip short ribs brisket beef ribs meatball.  Pork chop salami flank filet mignon jerky.  Jerky beef ribs pancetta landjaeger short loin tenderloin sausage spare ribs biltong turkey salami pork chop strip steak sirloin.  Drumstick biltong tenderloin shank doner ribeye, turducken short loin hamburger pig cow jowl pork chop.  Sirloin pork loin tongue short loin frankfurter bresaola turkey.","5"
"80","Buffalo biltong pastrami, ground round ball tip ham sirloin leberkas shankle chuck spare ribs tri-tip landjaeger chislic burgdoggen.","Ham picanha prosciutto brisket salami drumstick strip steak filet mignon.  Pig alcatra bacon meatball, picanha pastrami salami turkey t-bone.  T-bone jowl landjaeger capicola burgdoggen sirloin strip steak bresaola drumstick bacon.  Doner fatback pork chop tail filet mignon prosciutto ham frankfurter landjaeger cow cupim chislic corned beef jerky picanha.  Shoulder pancetta shankle, bresaola short loin beef kevin pork pig porchetta buffalo.  Burgdoggen landjaeger alcatra pork loin.  Ground round pig bresaola kielbasa.","21"
"81","Prosciutto capicola pork short ribs pork chop ham.","T-bone pork jerky short loin biltong capicola meatball.  Pork belly prosciutto rump ball tip pastrami pork chop, shoulder fatback sausage meatball t-bone.  Chislic flank short loin short ribs hamburger landjaeger chicken.  Beef tongue salami ground round sirloin.","3"
"82","Tongue ground round biltong chislic ham leberkas alcatra.","Bacon meatball landjaeger picanha jowl pork chop short loin.  Flank shoulder jerky corned beef chicken.  Tri-tip beef ribs tail pig tongue corned beef chicken, biltong bresaola.  Kevin prosciutto short loin tongue meatball.  Ham hock flank porchetta cupim shoulder chislic burgdoggen beef ham fatback.  Strip steak turkey jerky shoulder salami.","3"
"83","Boudin leberkas doner turducken ham.","Ham ball tip meatball chislic capicola pastrami strip steak biltong chuck pig tongue chicken tenderloin t-bone tri-tip.  Pork chop tri-tip chicken doner.  Venison kielbasa biltong ball tip hamburger pork belly, turkey spare ribs prosciutto chicken short ribs tri-tip doner ham hock andouille.  Prosciutto cow t-bone, picanha fatback porchetta drumstick chislic swine kielbasa burgdoggen alcatra.  Cupim ham shank drumstick, landjaeger rump turducken shoulder.  Bacon ball tip jowl cupim andouille drumstick, tongue bresaola jerky beef ribs rump chicken flank chislic sausage.","22"
"84","Drumstick landjaeger rump jowl.","Beef beef ribs jerky ham hock pancetta turducken tenderloin pig swine short ribs venison pastrami meatball.  T-bone fatback flank porchetta pastrami jerky leberkas bresaola pancetta pork belly ribeye frankfurter biltong.  Capicola beef ribs tail swine.  Ball tip pork chop short loin, pancetta buffalo turducken burgdoggen tri-tip andouille biltong pork belly kielbasa.","18"
"85","Jowl beef ribs flank, landjaeger pork chop bresaola biltong chuck andouille meatball drumstick swine turducken chislic.","Beef ribs alcatra chislic, tenderloin short ribs andouille short loin boudin picanha.  Swine jowl strip steak bacon, shankle cupim landjaeger ball tip fatback meatloaf turducken shank bresaola.  Capicola frankfurter turkey turducken tongue pancetta salami.  Bacon chicken filet mignon porchetta jowl meatball jerky pork turkey andouille buffalo shoulder burgdoggen shank sirloin.  Ham hock sirloin prosciutto, short ribs buffalo rump chuck bresaola picanha.  Alcatra sirloin corned beef frankfurter, t-bone jerky ham tri-tip shankle pork kevin cupim.  Biltong prosciutto tenderloin cow sausage, chicken short ribs rump shoulder spare ribs turkey ribeye.","15"
"86","Meatball venison buffalo brisket drumstick hamburger alcatra sausage filet mignon bresaola.","Frankfurter pork chop capicola, rump flank short ribs boudin shankle alcatra jerky t-bone filet mignon chislic tongue spare ribs.  Ball tip chicken pork, biltong short ribs capicola beef ribs chislic boudin beef.  Swine landjaeger tail short loin sausage meatloaf pig.  Fatback prosciutto pork chop drumstick kielbasa flank.  Chuck shank brisket pastrami.  Beef biltong ham short loin chuck.","4"
"87","Sausage flank chislic salami doner ham hock shankle.","Hamburger frankfurter ground round rump chislic.  Ham hock turkey kevin short loin buffalo alcatra beef ribs pork belly corned beef biltong pork chop tri-tip.  Ball tip short ribs t-bone, pancetta brisket leberkas ground round shoulder bacon shank biltong chuck landjaeger venison.  Drumstick corned beef pastrami meatball turducken, buffalo boudin hamburger swine.  Pork chop landjaeger tail buffalo.  Ribeye shankle burgdoggen beef chislic, beef ribs tri-tip ground round rump pork.","6"
"88","Capicola spare ribs shoulder short ribs, ham hock ground round chicken boudin cow prosciutto drumstick doner pork chop.","Corned beef jerky meatloaf brisket strip steak tongue.  Tongue cow tri-tip, doner salami venison meatball.  Ham salami leberkas, pancetta drumstick tri-tip alcatra kielbasa shankle venison swine shank hamburger frankfurter.  Jerky burgdoggen salami, prosciutto swine jowl kielbasa pastrami ball tip beef ribs short ribs doner pork.  Leberkas pork loin hamburger tongue, cupim shoulder pork meatball kevin ground round shank rump burgdoggen venison spare ribs.","19"
"89","Salami frankfurter meatloaf, leberkas kielbasa bresaola corned beef ham hock venison flank fatback ham.","Turducken frankfurter biltong flank ribeye chislic pork loin spare ribs meatloaf picanha.  Doner tongue biltong fatback, hamburger drumstick burgdoggen brisket capicola leberkas cupim jowl buffalo.  Short ribs corned beef ground round meatball pork.  Short loin pork belly biltong, brisket shankle short ribs jerky beef sirloin fatback ground round picanha.  Burgdoggen pork loin shankle tri-tip bresaola ball tip pork chop ribeye pork capicola short loin kielbasa buffalo picanha cupim.  Cow venison leberkas short loin turducken tenderloin capicola frankfurter cupim pork loin shank.  Tri-tip picanha bacon landjaeger, turducken meatloaf beef pork belly.","1"
"90","Ham prosciutto hamburger turducken shank brisket, capicola turkey pork loin.","Prosciutto ham hock chicken pork belly, ribeye burgdoggen shoulder pork meatloaf sirloin short ribs.  Ham picanha meatloaf, ribeye rump tail turkey.  Filet mignon ham hock flank ham.  Turducken ham hock pork chislic pork loin shankle short ribs leberkas chicken corned beef pig shank sirloin beef filet mignon.  Chislic ham hock porchetta bacon corned beef t-bone meatloaf landjaeger andouille jerky.","4"
"91","Beef ribs brisket meatloaf jerky kevin pork.","Bacon pork belly boudin pork loin kielbasa turducken pork chop drumstick biltong cow.  Prosciutto pancetta kevin turkey.  Ball tip cupim jerky meatloaf picanha.  Tenderloin strip steak short ribs pancetta cupim shankle andouille salami chislic.  Meatloaf prosciutto tenderloin alcatra.  Rump chicken biltong buffalo alcatra shank.","7"
"92","Meatball jerky pastrami, t-bone ham hock bresaola boudin alcatra shank capicola.","Bacon pork loin cow, ham hock corned beef shoulder ball tip spare ribs kielbasa.  Bacon kielbasa sirloin chicken pastrami leberkas shank venison kevin pig brisket turducken tenderloin.  Buffalo boudin venison capicola shankle.  Flank ribeye ham, hamburger beef ribs beef cupim pork chop.  Turkey tri-tip bacon ham jerky boudin.  Cow andouille t-bone venison hamburger meatball strip steak leberkas.","4"
"93","Brisket corned beef boudin, pancetta ribeye drumstick capicola leberkas shank spare ribs meatloaf chicken pork chop pork loin kielbasa.","Chuck t-bone jerky cow, tongue beef capicola sausage frankfurter ham strip steak.  Drumstick pancetta hamburger strip steak biltong porchetta picanha beef pig filet mignon pork belly alcatra ham hock chuck swine.  Alcatra pig hamburger landjaeger, swine pastrami filet mignon shankle chislic pork loin doner ground round andouille.  Swine filet mignon meatloaf ribeye.  Buffalo ribeye jowl tongue biltong ham hock, turkey boudin beef ribs capicola pig turducken.","12"
"94","Pork loin cow biltong sirloin kielbasa bresaola meatloaf chicken prosciutto.","Prosciutto venison swine, alcatra ball tip landjaeger doner strip steak pork chop boudin t-bone turducken spare ribs beef ribs.  Porchetta tongue filet mignon, fatback swine pancetta ribeye meatball picanha turducken short ribs biltong hamburger.  Hamburger pork belly ribeye leberkas shank meatball.  Rump filet mignon tongue pork loin strip steak hamburger.","23"
"95","Sirloin tongue tail doner fatback, meatloaf short ribs pancetta chislic.","Shoulder prosciutto ham buffalo ham hock meatball.  Prosciutto ham tail kevin tri-tip pork belly burgdoggen sirloin corned beef.  Shankle meatball turkey flank capicola.  Buffalo frankfurter ham shankle landjaeger sausage short loin.  Short ribs swine turkey tenderloin landjaeger brisket strip steak pork belly meatloaf ground round turducken porchetta.","15"
"96","Bresaola pork belly chuck brisket shoulder pork loin ham pancetta burgdoggen jowl.","Ribeye shoulder chislic pancetta shank biltong.  Tenderloin andouille spare ribs swine ribeye pork chop.  Porchetta shankle beef short ribs frankfurter chuck chicken turkey.  Burgdoggen ham tail, ball tip tenderloin salami kielbasa tongue sausage pork belly chislic capicola meatball turducken.","4"
"97","Porchetta tongue short ribs pork landjaeger drumstick fatback sausage cupim doner pork chop frankfurter alcatra prosciutto.","Turkey cupim jerky, fatback drumstick kielbasa shoulder tenderloin pork bresaola sausage corned beef alcatra shankle.  Capicola burgdoggen pork meatloaf beef ribs.  Rump brisket andouille pork loin ground round alcatra tri-tip ham hock sausage beef ribs venison jowl shoulder flank.  Brisket beef bacon frankfurter, tenderloin kielbasa ham hock ribeye chuck.","5"
"98","Corned beef sausage swine alcatra, hamburger ribeye porchetta cow beef tail meatball.","Pork chop pancetta landjaeger filet mignon, beef ribs bacon meatloaf tenderloin kevin jerky swine alcatra ground round.  Biltong chislic kevin fatback strip steak brisket pork belly.  Short ribs frankfurter kevin shank, rump tail t-bone pork pork chop hamburger turducken swine filet mignon chislic.  Pig filet mignon flank ham hock salami cupim.  Pork belly shank meatball chuck.  Fatback meatball shank frankfurter short loin.  Buffalo kielbasa leberkas drumstick sausage venison shoulder chislic.","5"
"99","Spare ribs beef ribs shoulder, strip steak jerky ham burgdoggen chuck.","Chicken ham porchetta corned beef beef tenderloin.  Kevin pork flank spare ribs, ribeye ham chuck shank tail sausage salami.  Capicola venison doner drumstick landjaeger, sirloin ham swine kielbasa pork chop.  Hamburger andouille tenderloin pork frankfurter alcatra.  Leberkas capicola sirloin bresaola jerky.  Pork loin cupim pork frankfurter shoulder swine boudin ground round sausage, pastrami drumstick flank pancetta bacon sirloin.  Shoulder frankfurter pastrami, pork belly tenderloin beef ribs ribeye.","7"
"100","Boudin picanha t-bone, frankfurter corned beef drumstick strip steak.","Short loin alcatra drumstick jowl chislic shank ham hock boudin, hamburger biltong porchetta tri-tip.  Pastrami turkey beef, strip steak ham hock tenderloin shank burgdoggen boudin shoulder tail cupim chuck.  Meatball pork chop pig frankfurter hamburger, ribeye ball tip.  Shankle beef ribs sirloin, short loin meatloaf pork chop capicola brisket corned beef hamburger.  Pork filet mignon picanha meatloaf pastrami, swine sirloin pig shankle pancetta venison porchetta tail sausage pork belly.","7"
